Date,Commodity,FX,ILS,UCITS,Relative_Value,Multi_Strategy,Long_Short_Equity,Event_Driven,Distressed_Debt,CTA,Arbitrage,FOF,Commodityc%,FXc,ILSc,UCITSc,Relative_Valuec,Multi_Strategyc,Long_Short_Equityc,Event_Drivenc,Distressed_Debtc,CTAc,Arbitragec,FOFc
1/31/2000,1.639545026,1.58998085,6.01,6.01,0.98684175,1.510215718,1.494444807,1.775115702,1.724123486,2.065253454,1.704288155,1.213460825,1.01639545,1.015899809,1.0601,1.0601,1.009868418,1.015102157,1.014944448,1.017751157,1.017241235,1.020652535,1.017042882,1.012134608
2/29/2000,0.242272404,0.255870151,6.01,6.01,2.922503115,4.003619226,8.959600868,4.157600151,4.924963915,0.758871939,2.585052318,4.787054575,1.018857896,1.018499193,1.12381201,1.12381201,1.039381853,1.055742982,1.10587942,1.060065181,1.067339999,1.02839798,1.043333972,1.060586044
3/31/2000,2.568348681,0.002508378,6.01,6.01,3.4638361,0.748556405,2.904928985,1.931293097,0.32217437,-1.140620697,1.73041333,0.438126087,1.045025719,1.018524741,1.191353112,1.191353112,1.075384337,1.063645814,1.138004431,1.080538146,1.070778695,1.01666786,1.061387962,1.065232748
4/30/2000,-1.569687768,1.373221247,6.01,6.01,0.259004296,-0.690377133,-2.202983214,-0.857620154,-0.391876227,-0.86867439,1.299166766,-1.875993581,1.028622078,1.032511339,1.262953434,1.262953434,1.078169629,1.056302647,1.112934385,1.071271233,1.066582567,1.007836327,1.075177162,1.04524905
5/31/2000,4.959349628,1.212729301,6.01,6.01,0.909321152,-0.36872771,-0.633606071,-0.642679424,0.140820164,2.289641284,1.322617737,-0.318441642,1.079635044,1.045032906,1.338856935,1.338856935,1.087973653,1.052407766,1.105882765,1.064386394,1.068084531,1.030912163,1.089397646,1.041920542
6/30/2000,2.937843898,-1.252078568,6.01,6.01,2.207786117,2.493032899,3.679925716,2.426953703,2.512846763,-0.280400788,1.890051474,1.952475147,1.111353036,1.031948273,1.419322237,1.419322237,1.111993785,1.078644638,1.146578429,1.090218559,1.094923858,1.028021477,1.109987822,1.062263782
7/31/2000,0.005362844,1.02040326,6.01,6.01,0.237022854,0.656920045,0.331773382,0.891476218,2.033292453,-0.849700511,0.834843053,0.39543284,1.111412636,1.042478307,1.504623503,1.504623503,1.114629464,1.085730471,1.150382471,1.099937598,1.117186862,1.019286374,1.119254478,1.066464322
8/31/2000,1.920185166,1.463769202,6.01,6.01,2.461649825,2.520187473,4.812923717,2.313007371,2.389177589,3.817803123,1.598492898,2.144498189,1.132753817,1.057737784,1.595051376,1.595051376,1.142067738,1.113092914,1.205749502,1.125379235,1.143878441,1.058200721,1.137145682,1.08933463
9/30/2000,1.838162607,1.808426976,6.01,6.01,0.758180387,-0.291028974,-0.35055663,0.407189991,0.618264349,-0.764922373,1.235769987,-0.054857541,1.153575674,1.076866199,1.690913964,1.690913964,1.150726672,1.109853491,1.201522667,1.129961667,1.150950633,1.050106307,1.151198187,1.088737048
10/31/2000,-1.96175432,1.922279791,6.01,6.01,0.646035299,0.367777804,-0.657025257,-0.954348352,-1.122664651,1.568702774,0.530407147,-0.286431089,1.130945353,1.09756658,1.792537893,1.792537893,1.158160772,1.113935286,1.19362836,1.119177897,1.138029317,1.066579353,1.157304224,1.085618566
11/30/2000,2.341171906,1.210966836,6.01,6.01,-0.830548392,0.395444008,-2.470659602,-1.301262659,-2.852822804,4.960539576,0.252727056,-0.410942766,1.157422728,1.110857748,1.90026942,1.90026942,1.148541687,1.118340276,1.164137866,1.104614452,1.105563357,1.119487444,1.160229045,1.081157295
12/31/2000,8.64085801,6.349272846,6.01,6.01,2.22170724,3.293222075,2.806261156,1.588169297,0.784532899,8.302205125,1.071060165,1.623107715,1.257433982,1.181389137,2.014475612,2.014475612,1.174058921,1.155169705,1.196806615,1.1221576,1.114236866,1.212429588,1.172655796,1.098705643
1/31/2001,0.981374323,1.61037656,6.01,6.01,4.069339957,3.512234675,3.571428252,4.048503422,3.287626604,1.427403583,2.590572869,1.561702409,1.269774117,1.200413951,2.135545597,2.135545597,1.221835369,1.195741976,1.239549705,1.167588189,1.150868813,1.229735852,1.203034299,1.115864155
2/28/2001,0.044189642,0.583150931,6.01,6.01,0.053501676,0.239967476,-1.158369567,0.352711428,1.826595613,0.602623615,0.674256245,0.321108412,1.270335225,1.207414176,2.263891887,2.263891887,1.222489072,1.198611368,1.225191138,1.171706406,1.171890533,1.23714653,1.211145833,1.119447289
3/31/2001,0.610461026,5.061325301,6.01,6.01,-0.159688323,0.575645117,-1.12432313,-0.352514499,-0.549749789,4.885095817,0.377280128,0.072653278,1.278090127,1.268525335,2.39995179,2.39995179,1.220536899,1.205511116,1.211416031,1.167575971,1.165448067,1.297582324,1.215715245,1.120260604
4/30/2001,-1.574945859,-1.214536296,6.01,6.01,1.791217192,0.664316615,2.769975078,1.794290019,1.129090655,-2.956938157,1.314365044,0.547751832,1.257960899,1.253118634,2.544188892,2.544188892,1.242399366,1.213519526,1.244971953,1.18852567,1.178607032,1.259213617,1.231694182,1.126396852
5/31/2001,-1.518729904,1.018212336,6.01,6.01,1.60661618,1.486702994,1.97693011,2.231149154,2.334631217,1.411703859,1.190997659,1.020274537,1.238855871,1.265878043,2.697094644,2.697094644,1.262359956,1.231560957,1.269584178,1.21504345,1.20612316,1.276989984,1.246363631,1.137889192
6/30/2001,-1.573782354,-0.184967389,6.01,6.01,0.953255793,0.438221019,0.778924592,2.464719769,4.088160302,-0.37686242,0.093481982,0.163279435,1.219358976,1.263536581,2.859190033,2.859190033,1.274393475,1.236957916,1.279473282,1.244990867,1.255431408,1.272177489,1.247528756,1.139747131
7/31/2001,-0.19149753,-0.245275087,6.01,6.01,0.354994788,-0.06288243,-0.832845979,0.556881672,0.597843826,-0.245325804,0.703271165,-0.159560812,1.217023933,1.260437441,3.031027354,3.031027354,1.278917505,1.236180087,1.26881724,1.251923993,1.262936927,1.269056509,1.256302266,1.137928542
8/31/2001,-2.593735186,1.914000801,6.01,6.01,1.750756476,1.133942478,-0.34535987,0.893894287,0.960627133,2.099363848,0.997769391,0.615784409,1.185457555,1.284562224,3.213192098,3.213192098,1.301308236,1.250197658,1.264435254,1.26311487,1.275069042,1.295698623,1.268837265,1.144935728
9/30/2001,3.580433096,-0.508076049,6.01,6.01,-1.382949988,-0.66292371,-2.999409898,-2.677480314,-1.019190074,2.465665424,-0.638821001,-0.887219721,1.22790207,1.278035671,3.406304943,3.406304943,1.283311794,1.241909802,1.226509658,1.229295218,1.262073665,1.327646216,1.260731667,1.134777633
10/31/2001,2.513060302,0.506077261,6.01,6.01,0.348783758,2.237881673,2.090690996,1.966308018,1.249244941,3.579225024,0.92058643,0.833562843,1.25875999,1.284503518,3.61102387,3.61102387,1.287787777,1.269702273,1.252152185,1.253466948,1.277840056,1.375165661,1.272337791,1.144236717
11/30/2001,-1.517675181,-0.482120803,6.01,6.01,2.281756217,1.311746913,2.628651612,1.718734291,1.388040124,-4.373142609,0.699855732,0.411708273,1.239656102,1.27831066,3.828046404,3.828046404,1.317171955,1.286357554,1.285066904,1.275010714,1.295576989,1.315027706,1.28124232,1.148947634
12/31/2001,-1.502967305,2.351231017,6.01,6.01,0.789841727,1.443102217,2.218908897,1.739509737,0.095147508,1.291225756,0.60147246,1.022416304,1.221024476,1.308366696,4.058111993,4.058111993,1.327575529,1.304921008,1.313581367,1.29718965,1.296809698,1.332007682,1.28894864,1.160694662
1/31/2002,-0.862334916,0.096504113,6.01,6.01,1.213762601,0.735842213,0.808996856,1.451853548,1.841890004,-0.656054911,1.174822471,0.53599198,1.210495155,1.309629324,4.302004524,4.302004524,1.343689144,1.314523168,1.324208199,1.316022944,1.320695506,1.32326898,1.304091498,1.166915893
2/28/2002,1.39394241,-0.20587514,6.01,6.01,-0.120130913,0.453610206,-0.083351376,-0.343974485,-0.315611284,-1.544123049,0.384852735,-0.080760555,1.227368761,1.306933123,4.560554996,4.560554996,1.342074958,1.320485979,1.323104454,1.311496161,1.316527242,1.302836079,1.30911033,1.165973485
3/31/2002,3.092766852,0.411508322,6.01,6.01,2.458615018,1.58973331,2.472073162,2.22219014,0.960924964,1.028829247,0.622472811,0.748482291,1.265328415,1.312311262,4.834644351,4.834644351,1.375071414,1.341478185,1.355812564,1.340640099,1.329178081,1.316240038,1.317259186,1.17470059
4/30/2002,1.470072907,1.075263714,6.01,6.01,0.809346598,0.860548808,0.463754526,0.807958323,1.592412762,-0.486978187,0.683626098,0.613398772,1.283929665,1.326422068,5.125206477,5.125206477,1.386200508,1.353022259,1.362100206,1.351471912,1.350344083,1.309830236,1.326264313,1.181906189
5/31/2002,6.437526449,5.839945709,6.01,6.01,0.086212883,1.097495835,0.326554922,0.403166086,1.392264885,3.661835875,0.540273691,0.574177504,1.366582977,1.403884397,5.433231386,5.433231386,1.387395592,1.367871622,1.366548211,1.356920589,1.369144449,1.357794069,1.333429771,1.188692428
6/30/2002,1.338232111,6.247738161,6.01,6.01,0.239761789,-0.019766954,-1.804389148,-2.861885406,-1.589923149,6.392259125,0.065547948,-0.67475209,1.384871029,1.491595418,5.759768592,5.759768592,1.390722036,1.367601235,1.341890364,1.318087076,1.347376104,1.444587785,1.334303806,1.180671701
7/31/2002,1.683361734,2.165680801,6.01,6.01,-1.824153606,-0.711897948,-2.842494866,-2.572480119,-2.740307386,3.960199489,0.051724877,-1.036161749,1.408183418,1.523898614,6.105930684,6.105930684,1.36535313,1.35786531,1.303747199,1.284179548,1.310453858,1.501796343,1.334993973,1.168438033
8/31/2002,5.099156468,-1.704280487,6.01,6.01,0.575428674,1.8794318,0.601169326,0.649392812,0.264686257,2.076409648,0.662400365,0.45447516,1.479988894,1.497927107,6.472897119,6.472897119,1.373209763,1.383385463,1.311584927,1.292518918,1.313922449,1.532979787,1.343836978,1.173748293
9/30/2002,2.089593248,0.732611276,6.01,6.01,-0.475474723,0.126171957,-1.594585395,-1.082139299,-0.947735935,2.982530813,0.772698895,-0.33000696,1.510914642,1.50890109,6.861918235,6.861918235,1.366680498,1.385130907,1.290670585,1.278532063,1.301469934,1.578701381,1.354220792,1.169874842
10/31/2002,4.246888916,-1.180106017,6.01,6.01,2.613428465,1.470412339,1.084352796,0.702553817,-0.309573341,-2.456550114,0.375898564,-0.211716828,1.575081508,1.491094457,7.274319521,7.274319521,1.402397715,1.405498043,1.304666008,1.287514439,1.29744093,1.539919791,1.359311288,1.167398021
11/30/2002,5.323740871,0.586816044,6.01,6.01,2.325813071,1.253754604,2.531329507,2.711558135,3.69368684,-0.589885796,1.463732452,0.797082403,1.658934766,1.499844439,7.711506125,7.711506125,1.435014865,1.42311954,1.337691404,1.322426141,1.345364335,1.530836023,1.379207969,1.176703145
12/31/2002,4.317845527,3.239981201,6.01,6.01,0.963987517,1.700033686,-0.729056114,0.884035683,2.915747621,5.646178711,0.988000127,0.775350904,1.730565007,1.548439117,8.174967643,8.174967643,1.448848229,1.447313051,1.327938883,1.33411686,1.384591763,1.61726976,1.392834545,1.185826723
1/31/2003,4.421470544,2.749761816,6.01,6.01,0.469307294,1.509596746,0.284381885,1.224263918,2.785023364,3.887716373,1.378394349,0.814620279,1.807081429,1.591017504,8.666283198,8.666283198,1.455647779,1.469161642,1.3317153,1.350449972,1.423152967,1.680144621,1.412033298,1.195486708
2/28/2003,-0.906710528,-0.575697415,0.75,0.75,0.035123214,0.900247487,-0.272338623,0.022785804,1.205882662,3.118902447,0.797042017,0.376020483,1.790696431,1.581858058,8.731280322,8.731280322,1.456159049,1.482387733,1.328088525,1.350757682,1.440314522,1.732546693,1.423287797,1.199981983
3/31/2003,-5.431360509,1.053945232,3.07,3.07,0.601536221,0.384201539,0.253040025,0.800850203,1.677131333,-3.726813829,0.629109029,-0.048027666,1.693437253,1.598529975,8.999330628,8.999330628,1.464918374,1.488083089,1.331449121,1.361575228,1.464470488,1.667977903,1.432241829,1.19940566
4/30/2003,0.899539836,2.322333847,0.86,0.86,3.558283923,2.057913209,3.061357014,3.190472701,4.47287025,1.457894419,1.069937677,1.292521591,1.708670395,1.635653178,9.076724871,9.076724871,1.517044328,1.518706547,1.372209532,1.405015914,1.529974353,1.69229526,1.447565924,1.214908237
5/31/2003,5.06092502,3.365952402,1.03,1.03,2.981941715,2.820362994,4.121498875,3.405942378,3.715088052,5.287369639,1.707508094,2.0719824,1.795144923,1.690708485,9.170215137,9.170215137,1.562281706,1.561539585,1.428765132,1.452869946,1.586814247,1.781773166,1.472283229,1.240080922
6/30/2003,-1.844648342,-0.170595261,0.65,0.65,1.790234235,0.933621799,1.766639151,2.533149864,3.020785505,-1.650947642,0.333103133,0.796540384,1.762030812,1.687824217,9.229821536,9.229821536,1.590250208,1.576118459,1.454006256,1.48967332,1.634748502,1.752357024,1.47718745,1.249958667
7/31/2003,5.166981346,-0.122667318,0.76,0.76,1.646117412,1.379576535,2.104011499,1.592102159,1.366910581,-0.234633686,0.038896786,0.2442004,1.853074615,1.685753808,9.299968179,9.299968179,1.616427594,1.597862219,1.484598715,1.513390441,1.657094052,1.748245404,1.477762029,1.253011071
8/31/2003,3.784139323,-0.199903493,3.45,3.45,1.907819387,2.213320769,2.715670369,1.871748685,1.789411661,0.933978266,0.393884318,0.815102738,1.92319754,1.682383927,9.620817082,9.620817082,1.647266113,1.633228036,1.524915523,1.541717306,1.686746287,1.764573636,1.483582702,1.263224399
9/30/2003,2.997869943,1.991943224,2.08,2.08,1.347877853,1.680140669,1.099416508,1.515966383,2.747777549,0.925181296,1.280678299,1.142888156,1.980852501,1.71589606,9.820930077,9.820930077,1.669469248,1.660668564,1.541680696,1.565089222,1.733094322,1.780899141,1.502582623,1.277661641
10/31/2003,7.285914633,1.448506801,2.21,2.21,2.970994049,2.314255784,3.171551631,2.033664533,2.913506082,3.07302429,1.322647109,1.528542439,2.125175724,1.740750931,10.03797263,10.03797263,1.71906908,1.699100682,1.590575895,1.596917887,1.783588131,1.835626605,1.522456489,1.297191241
11/30/2003,3.445110163,1.171266777,0.54,0.54,1.455611045,1.21566078,1.270454562,1.424989983,1.581788716,-0.03627289,0.748044292,0.565177353,2.198390368,1.761139769,10.09217768,10.09217768,1.744092039,1.719755983,1.610783439,1.619673807,1.811800727,1.83496077,1.533845138,1.304522672
12/31/2003,2.71680575,2.796381871,4.32,4.32,1.945832859,2.484079956,2.035281186,2.11340922,2.224058829,3.20879838,0.792634687,1.567440001,2.258116364,1.810387962,10.52815976,10.52815976,1.778029155,1.762476097,1.643567411,1.653904142,1.852096241,1.893840961,1.546002927,1.324970282
1/31/2004,1.548653942,1.814233107,2.67,2.67,1.71590497,1.520741157,2.208008,2.87202018,3.881645659,1.028786755,1.227428485,1.555448458,2.293086772,1.84323262,10.80926163,10.80926163,1.808538446,1.789278796,1.679857511,1.701404603,1.923988054,1.913324546,1.564979007,1.345579512
2/29/2004,6.007951665,1.100460457,3.05,3.05,0.56862102,1.39310474,1.470417577,1.349614179,1.176480115,4.21007459,0.718816217,1.190412255,2.430854317,1.863516666,11.1389441,11.1389441,1.818822176,1.814205324,1.704558431,1.724367001,1.946623391,1.993876937,1.57622833,1.361597456
3/31/2004,3.554248302,1.274786469,3.91,3.91,0.454744556,1.183144071,0.747393813,0.386271099,0.311049053,0.569045176,0.557976713,0.451801962,2.517252916,1.887272524,11.57447682,11.57447682,1.82709317,1.835669987,1.717298195,1.731027732,1.952678345,2.005222997,1.585023317,1.36774918
4/30/2004,-6.740595049,-1.1019149,0.24,0.24,-0.702247138,-0.89375506,-1.631818375,-0.057776746,1.137342898,-3.173776636,-0.088933985,-0.740317151,2.34757509,1.866476387,11.60225556,11.60225556,1.814262461,1.819263593,1.689275008,1.730027601,1.974886993,1.941581698,1.583613692,1.357623498
5/31/2004,0.056561342,-0.354969802,-0.21,-0.21,-0.021724695,-0.12747324,-0.334668179,-0.219398996,-0.250112888,-0.753458526,-0.057326499,-0.930887636,2.34890291,1.859850959,11.57789083,11.57789083,1.813868318,1.816944519,1.683621542,1.726231937,1.969947546,1.926952685,1.582705862,1.344985549
6/30/2004,-2.786164169,-1.57375049,-0.81,-0.81,0.981508958,0.627952597,0.998333345,1.266160203,2.113620121,-1.990294493,-0.01825672,0.274586,2.283458619,1.830581546,11.48410991,11.48410991,1.831671598,1.828354069,1.700429697,1.748088799,2.011584754,1.888600652,1.582416912,1.348678691
7/31/2004,0.284711392,0.816063227,-0.49,-0.49,0.095620676,0.565705685,-1.262958983,-0.387363466,-0.006189504,-0.260757388,0.092114733,-0.494851957,2.289959886,1.845520248,11.42783777,11.42783777,1.833423055,1.838697172,1.678953968,1.741317342,2.011460247,1.883675986,1.583874551,1.342004728
8/31/2004,1.2942452,-1.155943374,0.4,0.4,0.061095317,0.650528453,-0.02564932,0.627114859,0.987663857,-0.316957079,0.39390368,0.039066933,2.319597582,1.824187079,11.47354912,11.47354912,1.83454319,1.85065842,1.678523327,1.752237402,2.031326713,1.877705542,1.590113491,1.342529008
9/30/2004,5.501887788,0.866538425,0.56,0.56,1.188086909,1.463678587,2.351298336,1.436078081,1.340767292,1.945732716,0.225833905,0.926679535,2.447219238,1.839994361,11.537801,11.537801,1.856339158,1.877746111,1.717990418,1.777400899,2.058562077,1.914240673,1.593704507,1.354969949
10/31/2004,1.973920121,1.060304051,0.47,0.47,0.373086757,1.114304252,0.98188845,1.187884932,1.76310085,1.974488539,0.423597888,0.721823681,2.495525391,1.859503896,11.59202866,11.59202866,1.863264913,1.898669916,1.734859168,1.798514376,2.094856602,1.952037136,1.600455405,1.364750443
11/30/2004,5.468440357,3.550592979,1.08,1.08,2.409856181,2.746114222,3.311230318,3.244759764,3.192629085,3.919780334,0.943032685,2.41360591,2.631991708,1.925527311,11.71722257,11.71722257,1.908166918,1.950809561,1.792304351,1.856871847,2.161737603,2.028552704,1.615548223,1.397690141
12/31/2004,-1.585194965,1.92167013,0.46,0.46,1.212426195,1.740681686,1.835739813,2.534631373,2.939844977,0.268044629,0.833063718,1.462430224,2.590269508,1.962529594,11.7711218,11.7711218,1.931302034,1.984766945,1.825206395,1.903936704,2.225289338,2.03399013,1.629006769,1.418130384
1/31/2005,-0.763482882,-1.031560766,0.84,0.84,0.223214023,-0.01338086,0.20455723,0.297689442,0.629114126,-2.080834803,-0.017846587,0.091012039,2.570493244,1.942284909,11.86999922,11.86999922,1.935612971,1.984501367,1.828939987,1.909604522,2.239288947,1.991666156,1.628716047,1.419421053
2/28/2005,3.783571886,0.691693084,1.14,1.14,1.366836051,2.307032736,2.333221482,1.933517828,1.536406709,0.805515622,0.391117435,1.418396252,2.667749704,1.955719559,12.00531721,12.00531721,1.962069626,2.030284463,1.871613208,1.946527066,2.273693533,2.007709338,1.635086239,1.439554068
3/31/2005,-0.843565859,0.027468201,0.11,0.11,-0.074936521,-0.592155897,-0.963902396,0.016276424,0.473067209,-0.337185985,-0.227455051,-0.481875367,2.645245478,1.95625676,12.01852306,12.01852306,1.96059932,2.018262014,1.853572683,1.946843891,2.284449632,2.000939623,1.631367153,1.432617212
4/30/2005,-4.48179892,0.579104582,0.21,0.21,-0.825411058,-0.578782473,-1.620630633,-1.784091908,-0.331026259,-1.668797156,-0.948110526,-1.368291574,2.526690895,1.967585533,12.04376196,12.04376196,1.944416316,2.006580667,1.823533116,1.912110407,2.276887503,1.967548,1.615899989,1.413014831
5/31/2005,1.918169411,1.7447111,-0.17,-0.17,0.812885536,0.470020317,1.311167051,1.105297065,0.412991008,2.450753286,-0.125115259,0.34777319,2.575157107,2.001914216,12.02328756,12.02328756,1.960222195,2.016012004,1.847442682,1.933244907,2.286290844,2.015767747,1.613878252,1.417928918
6/30/2005,2.959901887,1.938934995,0.54,0.54,0.750071496,1.234309887,1.792923887,1.7607323,1.368757472,2.303597219,0.757113802,1.400144853,2.65137923,2.040730031,12.08821332,12.08821332,1.974925263,2.040895839,1.880565923,1.967284174,2.317584621,2.062202917,1.626097147,1.437781977
7/31/2005,1.67316327,1.119495393,1.33,1.33,1.488190181,1.545800607,2.65035293,2.134414404,1.850329282,0.476533513,1.14602896,1.752860054,2.695741134,2.06357591,12.24898655,12.24898655,2.004315907,2.072444019,1.930407557,2.009274171,2.360467568,2.072030005,1.644732691,1.462984283
8/31/2005,2.542590906,-0.488689832,0.53,0.53,0.140617845,1.077864318,1.139915856,1.107656772,1.164805739,1.064274963,0.582410312,0.854462198,2.764282803,2.053491424,12.31390618,12.31390618,2.007134333,2.094782154,1.952412579,2.031530033,2.387962429,2.094082101,1.654311784,1.47548493
9/30/2005,3.86693816,1.891250679,0.77,0.77,1.537823402,2.257530003,2.796182078,1.669911918,0.84930171,1.485902753,0.873021935,1.706717626,2.871175909,2.092328095,12.40872326,12.40872326,2.038000514,2.14207249,2.007005589,2.065454795,2.408243435,2.125198125,1.668754289,1.500667292
10/31/2005,-1.305964215,0.351860974,-0.74,-0.74,-0.466881442,-0.818179306,-1.810017302,-1.261100518,-0.024011867,-0.189751333,0.017730879,-1.536921591,2.833679379,2.099690181,12.31689871,12.31689871,2.028485468,2.124546496,1.970678441,2.039407334,2.407665171,2.121165533,1.669050173,1.477603212
11/30/2005,2.197718707,2.650541902,0.52,0.52,1.093154183,2.152225302,2.428748899,1.945435193,1.267873406,3.463395194,0.489807644,1.735458076,2.895955681,2.155343349,12.38094658,12.38094658,2.050659942,2.170271523,2.018541272,2.079082682,2.438191317,2.194629878,1.677225309,1.503246396
12/31/2005,5.314073743,-0.273157473,1.93,1.93,1.172012067,2.267787168,2.907192306,1.806846184,1.683233971,0.651967939,0.953378904,2.050488486,3.049848902,2.149455867,12.61989885,12.61989885,2.074693924,2.219488662,2.077224148,2.116648508,2.479231782,2.208938161,1.693215621,1.53407029
1/31/2006,8.144794453,0.162954379,0.645725709,4.106332757,2.65622885,3.421301244,4.323030386,3.631604618,2.119875224,2.216893003,1.795331742,2.956399388,3.298252826,2.1529585,12.70138878,13.13811389,2.129802542,2.295424055,2.167023179,2.193516813,2.531788402,2.257907957,1.723614458,1.579423535
2/28/2006,1.252289156,-0.632551373,0.625202437,1.376034429,0.961067747,1.26335184,0.547587367,1.200188179,1.140141329,-0.640615565,0.886018308,0.406223955,3.339556488,2.139339931,12.78079817,13.31889886,2.150271388,2.324423337,2.178889525,2.219843142,2.560654368,2.243443447,1.738885998,1.585839532
3/31/2006,4.648947526,-0.041659503,0.933235538,1.291223026,1.8150326,1.71755041,2.537215363,2.507732442,2.097861545,2.242101906,0.935618332,1.703553362,3.494810717,2.138448693,12.90007312,13.49087555,2.189299514,2.36434648,2.234172644,2.275510869,2.614373351,2.293743735,1.755155334,1.612855155
4/30/2006,5.725110832,1.401657139,0.701829954,1.854127882,1.262715416,1.875748547,2.087509873,1.866882979,2.263572266,3.836435008,0.924852294,1.805210675,3.694892504,2.168422412,12.9906097,13.74101363,2.216944137,2.408695675,2.280811219,2.317991994,2.673551581,2.381741723,1.771387929,1.641970588
5/31/2006,-0.702535608,0.05399224,-0.822263973,-3.486833561,-0.09849647,-1.001265402,-2.467571689,-0.825544964,0.989911701,-0.246159733,0.454577415,-1.977266053,3.668934568,2.169593192,12.8837926,13.26188736,2.214760525,2.384578238,2.224530567,2.298855928,2.700017381,2.375878834,1.779440258,1.609504461
6/30/2006,-1.928464646,-0.351042608,0.147987389,-0.726624952,-0.132715614,0.382059482,-0.576907397,0.023110187,0.052493705,-0.654805519,0.691214339,-0.615310722,3.598180462,2.161976995,12.90285899,13.16552318,2.211821192,2.393688745,2.211697086,2.299387198,2.701434721,2.360321448,1.791740004,1.599601007
7/31/2006,-0.547373528,0.441811648,0.618479062,0.596372173,0.302660712,0.539737733,-0.213011836,-0.482882548,0.078316219,-1.399931576,0.697476207,-0.11137396,3.578484975,2.171528861,12.98266047,13.24403869,2.218515506,2.406608387,2.206985909,2.288283858,2.703550382,2.327278563,1.804236965,1.597819468
8/31/2006,0.134009951,1.091353973,0.812055498,1.340230444,0.713817365,0.981748785,1.223081728,1.617563416,0.79212979,0.811073784,0.824311565,0.765000353,3.583280501,2.195227928,13.08808688,13.42153933,2.234351655,2.430235235,2.23397915,2.325298301,2.72496601,2.346154509,1.819109499,1.610042793
9/30/2006,-2.65429353,-0.753120327,1.316194942,0.679033893,0.402604994,0.699375316,0.236323567,0.376699892,0.710194202,-0.568575353,0.749995385,0.011058042,3.488169718,2.17869522,13.26035161,13.51267613,2.243347266,2.447231701,2.23925857,2.334057697,2.744318561,2.332814853,1.832752736,1.610220832
10/31/2006,4.000395727,1.008377289,1.372535709,2.326847498,1.548272375,1.832755985,2.198486304,2.273778886,2.006098381,1.436039488,0.916810704,1.619739719,3.627710311,2.200664688,13.44235467,13.8270955,2.278080392,2.492083486,2.288488363,2.387129008,2.799372291,2.366314995,1.849555609,1.636302219
11/30/2006,4.507457952,1.822939556,0.840653288,2.007198113,1.508399067,2.04483167,2.492534926,2.307138646,1.762595894,2.767179672,0.760243265,1.818863701,3.791227828,2.240781475,13.55535827,14.1046327,2.312442935,2.543042399,2.345529734,2.442203384,2.848713912,2.431795183,1.863616731,1.666064326
12/31/2006,-0.150402051,0.714937049,1.181962685,2.192015841,1.217601312,2.092088373,2.008257679,2.166659675,1.7611744,0.420620611,1.289060906,1.795120271,3.785525743,2.256801652,13.71557755,14.41380848,2.340599271,2.596245093,2.392634015,2.49511762,2.898884732,2.442023815,1.887639886,1.695972184
1/31/2007,0.576265116,0.295522715,1.602246008,1.127625365,1.113469262,1.280937919,1.402738544,1.958913029,1.692425498,1.184726813,1.41174403,1.254483032,3.807340408,2.263471013,13.93533484,14.57634224,2.366661124,2.629501381,2.426196415,2.543994804,2.947946196,2.470955126,1.914288529,1.717247867
2/28/2007,2.02723727,-0.533079488,1.561176525,0.230195501,0.463228061,0.998169035,0.865191212,1.426546778,2.439818087,-0.628446157,1.21019004,0.769509946,3.884524231,2.251404914,14.15289002,14.60989633,2.377624163,2.655748249,2.447187653,2.58028608,3.019870721,2.455426503,1.937455058,1.730462261
3/31/2007,-0.08839624,0.134314758,0.920116429,1.395721797,0.616310613,1.158381129,1.338404224,1.585036031,0.877316297,-1.242396485,0.584655261,0.913322052,3.881090458,2.254428883,14.28311308,14.81380983,2.392277713,2.686511936,2.479940916,2.621184544,3.046364539,2.424920371,1.948782491,1.746266954
4/30/2007,1.855039472,2.086419738,0.7496887,1.787213299,1.718454535,2.216988967,2.166217385,2.394974543,1.787301331,1.969105106,0.686791533,1.770411856,3.953086218,2.301465732,14.39019197,15.07856421,2.433387918,2.746071609,2.533661827,2.683961246,3.100812253,2.472669601,1.962166564,1.777183071
5/31/2007,0.894660916,0.680601108,0.743425928,1.700128353,1.513458487,2.397609929,2.553442969,2.010491392,1.49290536,1.886995044,1.1583465,2.076691848,3.988452935,2.317129533,14.49717239,15.33491916,2.470216234,2.811911695,2.598357437,2.737922056,3.147104445,2.519328754,1.984895252,1.814089687
6/30/2007,1.256506105,1.513830355,0.952389888,0.737631722,0.528383663,1.211171157,1.226517347,0.265680647,1.069685885,1.875458752,0.573399679,0.772851623,4.03856809,2.352206943,14.63524199,15.44803439,2.483268453,2.845968758,2.630226742,2.745196185,3.180768577,2.566577726,1.996276635,1.828109909
7/31/2007,0.456698977,-0.177974042,0.946273222,0.429626715,-0.003600876,1.035833279,1.075118134,-0.512280571,0.146857321,-0.737580271,0.248017646,0.538703745,4.057012189,2.348020626,14.77373137,15.51440327,2.483179033,2.87544825,2.658504786,2.731133079,3.185439769,2.547647155,2.001227753,1.837958005
8/31/2007,-2.162940351,-0.517774426,0.956904252,-1.575402935,1.267863087,-0.770252141,-1.458442669,-1.805099201,-0.564089022,-1.449749741,-0.530245789,-2.097272273,3.969261435,2.335863175,14.91510183,15.26998891,2.514662344,2.853300048,2.619732018,2.681833417,3.167471053,2.510712647,1.990616327,1.799411022
9/30/2007,6.919422975,2.434914805,1.369894953,2.318905325,1.750871398,2.489137687,2.922856478,1.45751668,0.94229037,5.359033823,1.422222102,2.185434297,4.243911423,2.392739454,15.11942306,15.62408549,2.558690847,2.924322615,2.696303025,2.720921587,3.197317827,2.645262587,2.018927313,1.838735967
10/31/2007,3.622999912,1.559432976,1.092298647,2.337816143,2.488759868,2.647346477,3.279983269,2.683661535,1.48064477,2.594959045,1.621341096,2.979217939,4.39766833,2.430052622,15.28457231,15.98934789,2.622370518,3.001739566,2.784741313,2.793941913,3.244658747,2.713906068,2.051661011,1.893515919
11/30/2007,-1.371515577,-0.375051817,0.850184251,-2.301340623,-0.591817217,-0.939395929,-2.389484931,-2.571706788,-1.892755169,1.088885685,-0.347533368,-1.500995866,4.337353624,2.420938665,15.41451934,15.62137853,2.606850878,2.973541347,2.718200339,2.722089919,3.1832453,2.743457402,2.044530804,1.865094323
12/31/2007,3.96889188,-0.052872969,0.744328268,0.489591619,0.688722982,0.69959987,0.809971438,0.462090308,0.000200183,2.422956227,0.11430306,0.512952289,4.5094985,2.419658643,15.52925396,15.69785949,2.624804859,2.994344239,2.740216986,2.734668433,3.183251673,2.809930174,2.046867766,1.874661367
1/31/2008,2.116153066,0.560391454,0.931385383,-4.345795641,-0.835848636,-1.575166091,-4.132040841,-2.797300335,-2.163184273,2.065124878,0.1005361,-2.754670331,4.604926391,2.433218203,15.67389116,15.01566259,2.602865464,2.947178344,2.626990101,2.658171543,3.114392073,2.867958741,2.048925607,1.823020627
2/29/2008,8.138698806,1.001146049,0.74754462,1.69887464,0.475374641,1.981978199,1.739428574,1.431163179,-0.429172804,6.564051497,0.086784758,1.507975474,4.97970748,2.457578271,15.79106049,15.27075988,2.615238826,3.005590776,2.672684717,2.696214316,3.101025949,3.05621303,2.050703762,1.850511331
3/31/2008,-4.444840612,1.375802778,0.674722152,-2.503193847,-1.082960259,-1.750161027,-2.437070104,-1.814177891,-1.228555447,-0.411512993,-1.087306057,-2.545206727,4.758367419,2.491389701,15.89760628,14.88850316,2.586916829,2.952988097,2.607549517,2.647300192,3.062928126,3.043636316,2.028406336,1.803411992
4/30/2008,1.278883932,0.21362495,0.272586432,2.385009379,0.695903266,1.190914019,2.148122494,1.403233943,0.656165535,0.366272096,1.297674408,1.079770737,4.819221416,2.496711931,15.94094099,15.24359535,2.604919268,2.988155647,2.663562875,2.684448007,3.083026005,3.054784307,2.054728446,1.822884707
5/31/2008,2.942201577,-0.054955725,0.46135058,1.125617291,1.280616636,1.444621935,2.098882384,2.241210417,1.039158025,2.046767727,1.338722319,1.642745818,4.961012624,2.495339845,16.01448462,15.4151799,2.638278297,3.031323199,2.719467927,2.744612135,3.115063517,3.117308646,2.082235554,1.852830069
6/30/2008,3.468396226,0.533241682,0.531343748,-2.745174386,-0.701348259,-0.677405631,-1.833141329,-2.147745758,-1.175543487,3.031768975,-0.228999722,-0.718803449,5.133080199,2.508646037,16.09957658,14.99200633,2.619774778,3.010788844,2.669616236,2.685664844,3.078444591,3.211818243,2.07746724,1.839511863
7/31/2008,-4.970104576,-0.406480585,0.559879566,-1.636284288,-0.196091702,-1.227472023,-2.155051801,-1.584332542,-1.285556248,-2.517982152,0.119029511,-2.489764951,4.877960745,2.498448878,16.18971482,14.74669448,2.614637617,2.973832254,2.612084623,2.643114982,3.038869454,3.130945232,2.079940039,1.793712341
8/31/2008,-3.944904469,-0.092899113,0.585533045,-0.827490485,0.050292497,-1.080704199,-1.547948602,-0.442948678,-0.517490829,0.222028445,0.577522812,-1.429357813,4.685529854,2.496127841,16.28451095,14.62466699,2.615952584,2.941693924,2.571650896,2.631407339,3.023143583,3.137896821,2.091952168,1.768073774
9/30/2008,-4.984319093,-0.639269978,-0.710329013,-6.63844426,-2.809890767,-3.407846513,-6.553022855,-7.285364664,-5.101734227,-0.234391747,-4.610227798,-5.941141551,4.451988094,2.480170845,16.16883734,13.65381662,2.542447174,2.84144551,2.403130025,2.439699719,2.868910832,3.13054185,1.995508407,1.663030008
10/31/2008,-6.802076394,1.292777667,-0.585223409,-9.56727401,-4.251185548,-5.247331559,-6.645636012,-9.042958589,-9.426781547,3.599907152,-6.357880807,-5.838482037,4.149160463,2.51223394,16.07421352,12.34751857,2.434363027,2.692345443,2.243426751,2.219078684,2.598464875,3.24323845,1.868636361,1.5659343
11/30/2008,-1.026892786,0.308189391,0.248345538,-1.543616124,-1.861578534,-0.64647183,-2.290939308,-3.59750206,-4.519399221,1.577771768,-1.551559026,-2.21494342,4.106553034,2.519976379,16.11413312,12.15692029,2.389045447,2.674940188,2.192031205,2.139247282,2.481029874,3.294409351,1.839643365,1.531249741
12/31/2008,1.657397797,1.872747114,0.058799398,1.639003947,1.65803866,0.960838792,1.155970271,0.691063694,-4.335376415,1.837543575,1.538236433,-1.073519761,4.174614953,2.567169164,16.12360813,12.35617269,2.428656744,2.700642051,2.217370434,2.154030843,2.37346789,3.354945558,1.86794143,1.514811472
1/31/2009,1.325404239,0.974394642,0.363544049,-1.282816412,0.663488346,0.828472153,-0.325750399,1.292514645,0.079653659,0.594731737,2.496612744,0.541119543,4.229945477,2.592183522,16.18222455,12.19766568,2.444770599,2.723016118,2.210147341,2.181872008,2.375358444,3.374898484,1.914576693,1.523008413
2/28/2009,-0.59519127,0.373468824,0.223295118,-2.053434323,-0.70084448,-0.476742947,-1.592929122,-1.245738555,-1.892197952,0.058894618,0.523939023,-0.465197894,4.204769211,2.60186452,16.21835866,11.94719463,2.427636559,2.710034331,2.174941261,2.154691587,2.33041196,3.376886118,1.924607908,1.51592341
3/31/2009,0.714354903,0.245470402,0.278216141,2.59130179,1.697353584,1.562579618,2.943160789,2.841713606,-0.566993793,-1.067665044,1.904740801,0.085207902,4.234806186,2.608251327,16.26348076,12.25678249,2.468842135,2.752380775,2.238953279,2.215921751,2.317198669,3.340832285,1.9612667,1.517215097
4/30/2009,1.688174023,0.003725227,0.588410163,5.612749046,3.766466567,3.336976809,5.067538126,6.744236985,4.716068434,0.153166618,2.369893164,1.019312373,4.306297084,2.60834849,16.35917673,12.94472494,2.561830249,2.844227083,2.35241309,2.365368765,2.426479344,3.345949325,2.007746625,1.532680258
5/31/2009,7.493771403,2.485647577,0.506871612,5.069768324,3.606148542,4.248692512,6.095780404,6.628470125,6.248978748,4.185307992,3.047368932,2.996675568,4.629001143,2.673182841,16.44209675,13.6009925,2.654213653,2.965069547,2.495811026,2.522156527,2.578109523,3.485987609,2.068930072,1.578609713
6/30/2009,-2.265071653,-0.400414805,1.33103966,0.123725353,1.222521896,1.017526668,0.473149076,1.770705226,3.287231921,-0.896755061,1.766806275,0.21354386,4.52415095,2.662479021,16.66094758,13.61782038,2.686661996,2.99523992,2.507619933,2.566816484,2.662857962,3.454726839,2.105484058,1.581980737
7/31/2009,1.535118766,0.357036781,1.034906617,3.539876106,3.163151158,2.427878404,3.274434693,4.02979324,4.745978834,-0.109824944,2.30213928,1.547503035,4.593602041,2.671985051,16.83337283,14.09987435,2.771645176,3.067960703,2.58973031,2.670253882,2.789236637,3.450932687,2.153955234,1.606461937
8/31/2009,0.359869877,-0.292016031,1.025357094,1.991688831,1.996212996,1.122044926,1.585622194,2.904412028,3.228600403,1.006223717,1.903515042,1.021534707,4.610133031,2.664182426,17.00597501,14.38069997,2.826973117,3.1023846,2.630793649,2.747809056,2.879289942,3.48565679,2.194956096,1.622872503
9/30/2009,1.540216352,0.896192382,1.57741226,2.562214336,2.677807074,2.449883302,3.22020908,4.17991487,4.901463825,1.110330411,1.987849741,1.568631572,4.681139053,2.688058626,17.27422935,14.74916432,2.902674003,3.178389403,2.715510705,2.862665136,3.020417297,3.524359098,2.238588525,1.648329394
10/31/2009,1.576748969,0.324920683,1.062690404,-0.082738029,0.591849957,0.591271506,-0.631702319,0.630251846,2.096164206,-0.692092824,0.805185529,-0.145297272,4.754948865,2.696792685,17.45780092,14.73696116,2.919853478,3.197182314,2.698356761,2.880707136,3.083730204,3.499967261,2.256613316,1.645934416
11/30/2009,3.410455318,0.373198867,0.138086504,0.821296463,0.889960692,1.310269603,1.442805782,1.972421737,2.113336557,3.095833824,0.650123759,0.832615819,4.917114272,2.706857084,17.48190779,14.8579953,2.945839026,3.239074022,2.737288808,2.937526829,3.148899801,3.608320432,2.271284095,1.659638726
12/31/2009,0.05912426,-0.008754284,0.522269141,1.61597204,1.870164957,1.097010494,1.978983985,2.998987487,2.293729182,-1.095758564,1.491397551,0.588193092,4.920021479,2.706620118,17.5732104,15.09809635,3.000931076,3.274607004,2.791459315,3.025622891,3.221127035,3.568781952,2.305157971,1.669400607
1/31/2010,-2.635026474,0.781684526,0.915502642,-0.752331115,0.27899632,-0.159176636,-0.882621441,0.976116736,2.827061943,-1.587034249,0.747766224,-0.428224119,4.79037761,2.727777349,17.73409361,14.98450867,3.009303563,3.269394594,2.766821297,3.055156503,3.312190291,3.51214416,2.322395163,1.662251831
2/28/2010,-0.144155582,1.087438512,0.93803678,0.467559973,1.465165615,0.560052778,0.640198677,1.320497734,0.902861932,0.655273207,0.844975161,0.196865067,4.783472014,2.75744025,17.90044593,15.05457024,3.053394844,3.28770493,2.78453445,3.095499775,3.342094797,3.535158299,2.342018826,1.665524224
3/31/2010,1.605196577,0.798996567,0.452103395,3.006933156,1.79506084,2.006796446,2.970257249,3.34348586,2.819222712,1.418480503,1.321993373,1.702185411,4.860256143,2.779472103,17.98137445,15.5072511,3.108205139,3.353682475,2.867242286,3.198997373,3.436315892,3.585303831,2.372980159,1.693874534
4/30/2010,2.728742404,0.142764048,0.485476039,0.605061965,1.092102648,0.85914271,1.215081163,1.911624203,2.647963611,1.110130532,0.821778466,0.835994397,4.992880013,2.78344019,18.06866972,15.60107958,3.14214993,3.382495394,2.902081607,3.260150181,3.527308287,3.625105383,2.392480799,1.70803523
5/31/2010,-3.204560652,-0.173880776,0.283013198,-3.096402595,-1.43357276,-1.991824809,-3.74664582,-3.072877792,-2.184252585,-0.8676276,-1.515998775,-2.472920538,4.832880145,2.778600323,18.11980644,15.11800734,3.097104924,3.315122011,2.793350888,3.15996975,3.450262964,3.593652968,2.35621082,1.665796876
6/30/2010,0.443553355,-0.490196555,0.157370794,-0.500084328,0.208692347,-0.350988864,-1.28433019,-1.356941419,-0.592093996,0.509936518,-0.079607053,-0.773917897,4.854316547,2.76497972,18.14832172,15.04240456,3.103568345,3.303486302,2.757475039,3.117090811,3.429834164,3.611978317,2.35433511,1.652904976
7/31/2010,0.692451035,0.969733794,0.512025626,1.734310367,1.858399466,1.544762185,2.094057178,2.275307224,1.636596878,0.378854558,1.646568415,0.676176781,4.887930312,2.791792663,18.24124578,15.30328654,3.161245043,3.354517309,2.815218143,3.188014204,3.485966723,3.625662462,2.393100848,1.664081536
8/31/2010,1.442003327,-0.009422011,0.750686564,-0.080687838,0.599217032,0.392293226,-0.668174356,-0.581317569,0.173846019,2.350283945,0.539363489,0.133864409,4.95841443,2.79152962,18.37818036,15.29093865,3.180187761,3.367676854,2.796407578,3.169481717,3.492026938,3.710875824,2.40600836,1.666309149
9/30/2010,5.17344262,1.938062976,1.16496578,2.821091317,2.101553208,2.52205103,4.106707511,3.442683247,1.968851363,2.961117835,1.74855103,1.921962228,5.214935155,2.845631222,18.59227987,15.72230999,3.247021099,3.452611382,2.911247858,3.278596933,3.560779758,3.82075923,2.448078644,1.698334981
10/31/2010,4.341207612,-0.146788067,0.904602071,1.411644374,1.399271526,1.734420875,2.319320134,2.304062641,6.629590849,2.814487698,1.347079627,1.397803408,5.441326317,2.841454174,18.76046602,15.9442531,3.292455741,3.512494195,2.978769015,3.35413786,3.796844887,3.928294029,2.481056213,1.722074365
11/30/2010,0.556555447,0.891590226,0.290127814,-0.237222161,0.824632559,0.409474367,0.692235317,0.803301918,1.029522405,-0.892739777,0.085546213,-0.13052766,5.471610315,2.866788302,18.81489535,15.90642979,3.319606403,3.526876958,2.999389106,3.381081714,3.835934255,3.893224585,2.483178662,1.719826582
12/31/2010,5.099206512,0.305013533,0.420790093,2.378625031,1.903565895,1.835660095,3.12927133,3.409404044,3.021110426,3.967960325,1.072138797,1.983912128,5.750619024,2.875532394,18.89406656,16.28478412,3.382797298,3.591618431,3.09324813,3.496356451,3.951822065,4.047706192,2.509801784,1.75394643
1/31/2011,-0.005993652,-0.559683016,0.704142432,-0.283486083,1.136854421,0.367563762,0.454579681,0.887395852,1.99853568,-0.211815239,0.876282883,0.05089793,5.750274352,2.859438528,19.0271077,16.23861902,3.421254779,3.604819919,3.107309407,3.527382973,4.030800639,4.039132534,2.531794748,1.754839153
2/28/2011,2.274441862,0.742474263,0.175812417,0.476098329,0.774803142,0.786934889,1.020769438,1.254550242,1.612434327,1.565581884,0.748429149,0.740202126,5.881060999,2.880669123,19.06055972,16.31593081,3.447762769,3.633187505,3.139027872,3.571635764,4.095794652,4.102368461,2.550743437,1.767828509
3/31/2011,0.191655348,0.742253932,-3.939586828,0.184748244,0.77876445,0.807383217,0.514802846,0.07582155,0.227749862,-0.450003973,0.584401015,-0.075899437,5.892332367,2.902051003,18.30965242,16.34607421,3.474612719,3.662521251,3.155187677,3.574343834,4.105122819,4.08390764,2.565650008,1.766486737
4/30/2011,2.758845862,1.866905851,0.056006199,1.116398227,1.116218459,1.257022476,1.285083646,1.226189913,1.626743896,2.750014415,0.548075087,1.141587523,6.054892735,2.956229563,18.31990696,16.52856149,3.513396988,3.708559966,3.195734478,3.618172078,4.171902654,4.196215689,2.579711697,1.78665273
5/31/2011,-2.173498646,-0.911457734,0.213873113,-0.686800721,-0.022923061,-0.568082355,-0.970006567,-0.428463788,0.361721514,-1.729188176,-0.014942798,-1.008735813,5.923289723,2.92928478,18.35908832,16.41504321,3.51259161,3.687492291,3.164735643,3.60266952,4.186993323,4.123655223,2.579326215,1.768630124
6/30/2011,-3.158596749,-0.369259815,0.717269641,-1.143246668,-0.238528444,-0.687227012,-1.07126219,-1.268410876,-0.446333216,-1.865206382,-0.286349638,-1.242377484,5.736196887,2.918468108,18.49077248,16.22737878,3.50421308,3.662150848,3.130833027,3.556972868,4.168305381,4.046740543,2.571940324,1.746657061
7/31/2011,2.470051902,0.589041773,0.681124838,-0.251522431,-0.604333329,0.027146753,-0.047102756,-0.305994591,0.488040963,2.086672467,-0.221304041,0.303760857,5.877883927,2.935659105,18.61671773,16.18656328,3.483035952,3.663145003,3.129358318,3.546088724,4.188648419,4.131182763,2.566248516,1.751962722
8/31/2011,0.12918408,-1.093329291,0.131485794,-3.804642773,-2.757284313,-1.69883615,-4.030720628,-3.888293896,-3.218490562,0.3198358,-1.423623368,-2.466216641,5.885477217,2.903562684,18.64119607,15.57072237,3.386998748,3.600914172,3.003222627,3.408206372,4.053837165,4.144395765,2.529714803,1.708755526
9/30/2011,-3.757732687,2.531900118,0.535258126,-3.618008064,-1.688426337,-2.554508322,-4.702863319,-4.182039871,-3.475967241,0.067886704,-1.110187761,-2.378409328,5.664316716,2.977077991,18.74097458,15.00737238,3.329811769,3.50892852,2.861985172,3.265673823,3.912927113,4.147209259,2.501630219,1.668114325
10/31/2011,1.079114034,4.461744396,0.739618191,3.091784307,2.144211701,2.05956839,3.889580253,3.609954586,2.098951134,-1.426284648,1.232907923,0.991028226,5.725441153,3.109907601,18.87958624,15.47136796,3.401209983,3.581197302,2.973304382,3.383563165,3.995057541,4.08805825,2.532473016,1.684645809
11/30/2011,-0.183528217,-0.253914043,-0.025675255,-1.994171599,-0.507628912,-0.808468448,-1.610652694,-0.944721427,-1.066260614,0.452018016,-0.129413413,-0.843696303,5.714933353,3.102011109,18.87473886,15.16284234,3.383944458,3.552244452,2.925414775,3.351597919,3.952459816,4.106537009,2.529195656,1.670432514
12/31/2011,-0.897344399,0.894966137,-0.037171417,0.075989071,0.548646197,-0.131638269,-0.428594943,-0.434037435,1.04684364,0.70539775,0.405196392,-0.327125726,5.663650718,3.129773058,18.86772285,15.17436444,3.40251034,3.547568339,2.912876595,3.337050729,3.99383589,4.135504429,2.539443866,1.6649681
1/31/2012,1.419147484,0.984502089,0.184995174,3.016272725,2.82206116,2.440705449,3.293353296,3.005585012,2.541188209,0.68173071,1.600528739,1.653324838,5.744026275,3.160585739,18.90262723,15.63206466,3.498531263,3.634154033,3.008807912,3.437348626,4.095326777,4.163697433,2.580088394,1.692495431
2/29/2012,1.03874339,0.35298547,0.190096126,2.313093157,1.649799452,2.043149668,2.694123553,2.72508834,2.034912092,1.019337511,1.219232312,1.413405045,5.803691968,3.171742148,18.93856039,15.99364887,3.556250013,3.708405239,3.089868915,3.531019412,4.178663077,4.206139563,2.611545666,1.716417247
3/31/2012,-1.395091116,-0.807457931,0.319081358,-0.368161575,0.809717507,-0.1502583,0.173184139,0.455706612,0.954163324,-0.77785048,0.361810176,-0.022447314,5.722725177,3.146131664,18.99898981,15.9347664,3.585045592,3.702833052,3.095220078,3.547110501,4.218534347,4.173422086,2.620994504,1.716031957
4/30/2012,-0.797289057,0.156390828,0.430365555,-0.56076883,0.190572711,0.039724358,-0.593882301,-0.187137818,-0.014419667,-0.00819506,0.166120185,-0.243173293,5.677098516,3.151051926,19.08075491,15.8454092,3.59187771,3.704303979,3.076838114,3.540472516,4.217926049,4.173080071,2.625348505,1.711859026
5/31/2012,-1.989265,-0.189215665,0.584604632,-2.786473723,-1.435608446,-2.043243992,-3.633932471,-2.655344569,-1.222832839,1.428786659,-0.537873836,-1.40001537,5.564165982,3.145089642,19.19230189,15.40388104,3.54031241,3.62861601,2.965027894,3.446460771,4.166347864,4.232704483,2.611227442,1.687892736
6/30/2012,0.644848159,1.076471594,0.571473567,0.777502623,1.330302169,0.262102601,0.586071133,0.242086503,-0.088084262,-0.847700163,0.452887954,-0.291521211,5.600046404,3.178945638,19.30198082,15.52364662,3.587409263,3.638126707,2.982405067,3.454804188,4.162677967,4.19682384,2.623053376,1.682972171
7/31/2012,2.800894284,1.238049123,0.613029934,1.439626671,0.530070252,0.802066991,0.420962062,0.570840904,1.043332821,2.887335444,0.689183868,0.911229126,5.756897783,3.218302547,19.42030774,15.74712917,3.606425052,3.66730692,2.994959861,3.474525623,4.206108552,4.318000222,2.641131037,1.698307903
8/31/2012,1.558825321,-0.839431486,0.936104475,0.71309738,1.083429493,0.744801853,0.977003141,1.519755993,1.731332213,0.124599344,0.754103155,0.53531095,5.846637764,3.191287102,19.60210211,15.85942154,3.645498125,3.69462109,3.024220713,3.527329935,4.278930265,4.323380422,2.66104789,1.707399132
9/30/2012,0.47585256,0.137408341,1.184206031,1.127463893,0.921842627,1.01145918,1.777258659,1.575807129,1.737572433,-0.451286506,0.574534549,0.711102738,5.874459139,3.195672197,19.83423139,16.03823079,3.679103881,3.731990675,3.077968937,3.582913851,4.353279777,4.30386959,2.676336529,1.719540493
10/31/2012,-2.151112179,-0.009233653,-0.508518012,-0.003422797,0.38411527,0.188395206,0.174140018,0.447898583,1.313342724,-1.708431059,0.06309213,-0.284305218,5.748092933,3.195377119,19.73337075,16.03768183,3.693235881,3.739021566,3.083328913,3.598961671,4.410453261,4.230340945,2.678025087,1.71465175
11/30/2012,-0.79594162,0.791415831,0.267610219,0.636395968,0.324906238,0.479017175,0.718719396,0.386724842,0.93093405,0.135560723,0.801838599,0.336942548,5.702341469,3.22066584,19.78617927,16.13974499,3.705235434,3.756932122,3.105489396,3.61287975,4.451511672,4.236075626,2.699498526,1.720429141
12/31/2012,-1.287537551,1.01890104,1.008956165,1.237404226,0.910560733,1.897879571,1.829266335,2.450259415,2.563566908,0.282742394,0.947758845,1.111993993,5.628921681,3.253481238,19.98581314,16.33945888,3.738973853,3.828234169,3.162297068,3.701404677,4.565629152,4.248052807,2.725083262,1.73956021
1/31/2013,0.380300412,1.901045929,0.671284414,2.018352757,1.301263652,1.958985081,3.245015208,2.617502998,2.382052283,1.21043976,1.101895746,1.920473853,5.650328494,3.31533141,20.11997479,16.6692468,3.787627761,3.903228705,3.264914089,3.798289055,4.674384825,4.299472927,2.755110838,1.772968009
2/28/2013,-1.736471047,0.543075551,0.740902072,0.287161582,0.635668357,0.211949109,0.539852143,0.323181287,0.739153596,-0.500892327,0.462367363,0.267958227,5.552212175,3.333336164,20.2690441,16.71711447,3.811704512,3.911501563,3.282539797,3.810564414,4.708935709,4.277937197,2.767849572,1.777718823
3/31/2013,-0.235817872,0.753465319,0.638904291,0.630385981,0.698084745,0.345026595,1.124616679,1.466574749,1.597869404,0.410626611,1.219760797,0.801923838,5.539119067,3.358451696,20.39854389,16.82249682,3.83831344,3.924997284,3.319455787,3.86644919,4.784178352,4.295503546,2.801610716,1.791974774
4/30/2013,-2.340230243,-0.411312183,0.851915967,0.781202272,0.795518534,0.877098738,0.739178027,0.445137122,1.898659014,0.524573579,0.656697212,0.729229184,5.409490927,3.344637975,20.57232235,16.95391455,3.868847935,3.959423386,3.343992475,3.883660191,4.875013585,4.318036623,2.820008815,1.805042377
5/31/2013,-0.31807536,1.082645874,0.43593923,0.414699228,0.157899414,0.455469164,1.611486337,1.532688213,2.316522803,-1.411171957,0.36434732,0.596701782,5.39228467,3.38084856,20.66200517,17.0242223,3.874956823,3.977457338,3.397880457,3.943184592,4.987944387,4.257101701,2.830283442,1.815813097
6/30/2013,-2.230104255,-0.332323897,-0.001658325,-2.574202486,-0.948855439,-1.569937485,-1.434113247,-1.295416257,-1.016657995,-0.95916082,-0.496997063,-1.64833883,5.2720311,3.369613193,20.66166253,16.58598435,3.838189084,3.915013745,3.349151003,3.892103938,4.937234051,4.216269249,2.816217016,1.785882344
7/31/2013,1.49265897,0.046676827,0.395868234,1.494951691,1.233450963,1.17025561,2.359824956,1.824510565,1.089313821,-0.244004098,1.000563092,0.941036409,5.350724545,3.371186021,20.74345548,16.8339368,3.885531265,3.960829413,3.428185104,3.963115786,4.991016024,4.205981379,2.844395044,1.802688148
8/31/2013,0.639759377,-0.618243235,0.920071585,-0.83267415,-0.64546185,-0.265019254,-0.341774801,0.209794906,0.160397153,-0.511417307,-0.172389621,-0.723458094,5.384956307,3.350343892,20.93431012,16.69376496,3.860451643,3.950332452,3.416468432,3.971430201,4.999021472,4.184471263,2.839491602,1.789646454
9/30/2013,-0.777370434,-0.280089209,1.198715784,1.844603214,1.288459748,1.428870473,2.479136531,1.905502498,1.40502177,-0.323399892,1.168432658,1.293140799,5.343095249,3.34095994,21.185253,17.00169868,3.910192008,4.006777586,3.501167349,4.047105903,5.069258812,4.170938687,2.87266915,1.812789103
10/31/2013,0.09091855,0.404442356,0.61182381,1.893662243,1.132683111,1.611621385,2.278843737,1.688475495,1.605009645,0.927178838,1.027585633,1.310770155,5.347953113,3.354472197,21.31486943,17.32365343,3.954482093,4.07135167,3.580953481,4.115440294,5.150620905,4.209610748,2.902188285,1.836550601
11/30/2013,-0.990970464,0.270856715,0.483571481,0.480961078,0.016115105,0.605334919,1.207677834,1.475389179,1.219776105,0.791371655,0.488672173,1.365816524,5.294956478,3.36355801,21.41794206,17.40697346,3.955119362,4.095996984,3.624199863,4.176159055,5.213446948,4.242924414,2.916370472,1.861634513
12/31/2013,0.071993434,0.218319308,0.416111467,0.505299848,1.204388693,1.136924573,1.48989148,1.232568488,1.048477174,0.767438255,0.563519254,1.053089889,5.298768499,3.370901307,21.50706457,17.49493087,4.002754372,4.14256538,3.678196508,4.227633075,5.268108749,4.275486239,2.932804781,1.881239198
1/31/2014,-0.433549238,-0.113936313,0.498063068,-0.744579494,0.278965146,-0.407814846,-0.375791493,0.677669666,0.685039245,-0.820931111,0.097273132,-0.347305924,5.275795728,3.367060626,21.61418331,17.36466721,4.013920661,4.125671383,3.664374158,4.256282462,5.304197361,4.240387443,2.935657612,1.874705542
2/28/2014,3.082497562,-0.455715322,0.498706884,1.888199328,1.23855628,1.397704007,2.449712229,2.018120945,1.520242914,1.584144717,0.96798489,1.531592589,5.438422003,3.351716415,21.72197473,17.69254673,4.063635328,4.183336058,3.75414078,4.34217939,5.384834046,4.307561316,2.964074334,1.903418394
3/31/2014,0.324226797,0.015873453,0.448407698,-0.078851397,0.75082307,0.245226007,-0.539895849,-0.077343708,0.663969111,-0.481939562,0.268246235,-0.54670357,5.456054824,3.352248448,21.81937774,17.67859591,4.094146039,4.193594686,3.73387233,4.338820987,5.420587681,4.286801474,2.972025352,1.893012337
4/30/2014,0.630862915,-0.619695517,0.320375987,-0.130629601,0.594371051,0.445541091,-0.68540113,0.065814129,0.469344891,0.41200797,0.254786272,-0.566452108,5.490475051,3.331474715,21.88928179,17.65550244,4.118480458,4.212278873,3.708280327,4.341676545,5.446028932,4.304463438,2.979597664,1.882289329
5/31/2014,-0.725191863,0.986347361,0.077929269,1.372338416,0.476190213,1.282322435,1.183706166,1.189735585,0.613599029,0.924336204,0.446928205,1.1204807,5.450658572,3.364334628,21.90633995,17.89779568,4.138092259,4.26629387,3.75217547,4.393331016,5.479445713,4.344251152,2.992914327,1.903380018
6/30/2014,2.039121749,-0.68379878,0.211622013,0.66713183,0.642926898,1.039023481,1.409821045,1.670105494,0.977701069,0.991778386,0.668581882,0.847769722,5.561804137,3.341329349,21.95269858,18.01719757,4.164697167,4.310621665,3.805074429,4.466704278,5.533018312,4.387336496,3.01292441,1.919516297
7/31/2014,-0.577635215,0.55458688,0.405264256,-0.219835228,0.273723047,0.233679477,-0.311215465,-0.851904005,0.095743838,-0.107015799,-0.280211113,-0.260614142,5.529677198,3.359859923,22.04166502,17.97758942,4.176096903,4.320694703,3.793232449,4.428652246,5.538315836,4.382641353,3.00448186,1.914513766
8/31/2014,0.319895277,1.088624638,0.811313554,0.972227237,0.660174161,1.036139528,1.274846789,0.650334201,0.22031018,1.8163132,0.792220042,0.846414904,5.547366374,3.396436186,22.22049204,18.15237244,4.203666416,4.365463129,3.841590351,4.457453286,5.55051731,4.462243846,3.028283968,1.930718496
9/30/2014,-0.291146777,2.25894358,0.856497586,-0.928389647,-0.609745279,-0.531675492,-1.079611464,-1.410419309,-1.196780109,1.996166324,-0.256812169,-0.078204145,5.531215395,3.473159763,22.41081002,17.9838477,4.178034758,4.342253032,3.800116101,4.394584504,5.484089822,4.551317655,3.020506966,1.929208594
10/31/2014,-1.766809982,0.499823083,0.604607941,-0.105202464,-0.236825326,-0.519234805,-0.123370168,-1.726151159,-1.031213452,-0.380840372,-0.579807542,-0.444050106,5.43348933,3.490519417,22.54630755,17.96492825,4.168140114,4.319706542,3.795427892,4.318727333,5.427537151,4.5339844,3.002993839,1.920641941
11/30/2014,0.972588753,1.097298878,0.137640901,0.829390149,0.193460429,1.068060118,0.739427511,0.667066389,-0.248635501,2.448248029,0.567879888,1.304380834,5.486334836,3.528820848,22.5773405,18.11392759,4.176203816,4.365843605,3.82349233,4.347536111,5.414042366,4.644987584,3.020047237,1.945694427
12/31/2014,0.139617393,1.27150238,0.424807143,-0.836781551,-0.095947546,-0.145920381,-0.041022122,-0.012989398,-0.99728071,0.910898207,0.047191433,0.272117689,5.493994713,3.573689889,22.67325065,17.96235359,4.172196851,4.35947295,3.821923852,4.346971392,5.360049166,4.687298692,3.021472441,1.950989005
1/31/2015,1.132900162,0.490675896,0.393402299,1.276934649,0.072165753,0.600927371,0.069523409,-0.659484783,-0.604896672,3.251209412,0.034675697,0.594773423,5.556236188,3.591225123,22.76244774,18.1917211,4.175207748,4.385670216,3.824580984,4.318303777,5.327626407,4.839692588,3.022520157,1.96259297
2/28/2015,0.170540508,1.019160098,0.240895598,2.116011744,1.679838669,1.723085418,2.39954565,2.669775798,1.495033669,0.383563993,1.638282444,1.518827589,5.565711822,3.627825457,22.81728147,18.57666006,4.245344502,4.46123906,3.91635355,4.433592807,5.407276216,4.858255907,3.072037574,1.992401373
3/31/2015,-1.091110844,1.640104915,0.206245642,0.523063992,0.321498665,0.650689184,0.927397284,0.564481322,0.259301359,0.74865801,0.41342535,0.762975963,5.504983737,3.687325601,22.86434112,18.67382788,4.258993228,4.49026786,3.952673707,4.45861961,5.421297356,4.894627629,3.084738156,2.007602917
4/30/2015,0.144985286,-0.690316635,0.08078654,1.035109621,0.977375971,1.289994174,2.298038852,1.562555093,0.941940823,-1.331396936,0.919297139,0.264829484,5.512965153,3.661871379,22.88281243,18.86712247,4.300619605,4.548192054,4.043507684,4.528287998,5.472362769,4.829460706,3.113096066,2.012919641
5/31/2015,-0.660981215,0.683549564,0.164658388,0.415535289,0.545435843,0.458563243,1.468767068,0.797726052,0.284524682,0.26268408,0.67285512,0.848219605,5.476525489,3.686902084,22.9204909,18.94552202,4.324076725,4.569048391,4.102897393,4.564411331,5.487932992,4.842146931,3.134042692,2.02999362
6/30/2015,-0.51055207,-1.262220949,0.148548898,-1.849897301,-0.693115903,-0.945182609,-1.038355488,-1.084070227,-1.557098987,-2.022433327,-0.239825754,-1.19688074,5.448564975,3.640365234,22.95453904,18.59504932,4.294105862,4.52586254,4.060294733,4.514929906,5.402480443,4.744217737,3.126526451,2.005697017
7/31/2015,-2.67820873,1.438053484,0.399427151,0.12411653,0.053974068,0.166350404,-0.749046754,-1.097909145,-0.525621607,1.247273578,0.615652911,0.311739272,5.302641032,3.692715633,23.0462257,18.61812885,4.296423566,4.53339133,4.029881227,4.465360078,5.374083839,4.803391112,3.145775002,2.011949563
8/31/2015,-0.417387142,0.677406604,0.840801485,-3.11617563,-1.530628269,-2.066285989,-2.653702366,-2.16049769,-2.081648304,-1.647864347,-0.974890631,-2.078188882,5.28050849,3.717730333,23.23999871,18.03795525,4.230661292,4.439718501,3.922940174,4.368886077,5.262214313,4.724237742,3.115107136,1.970137451
9/30/2015,-0.25478831,0.44433184,1.027641922,-1.252070862,-0.230762143,-0.507978475,-1.522816081,-2.448608818,-0.941532281,0.777949153,0.007828602,-1.475216183,5.267054372,3.734249392,23.47882268,17.81210727,4.220898527,4.417165686,3.86320101,4.261909147,5.212668867,4.76098991,3.115351005,1.941073664
10/31/2015,0.540431859,0.441442472,0.266125653,2.341074574,0.812565772,1.340369146,2.560130762,2.417970719,0.504075636,-0.701236979,1.493812592,1.119486822,5.295519212,3.750733955,23.54130585,18.22910199,4.255196104,4.476372012,3.962104007,4.364960862,5.238944661,4.727604088,3.161888511,1.962803728
11/30/2015,-0.303628072,1.216177255,0.309410663,0.242119976,0.086640466,0.36351149,0.317548695,-0.235235884,-1.332232371,1.687547033,0.15123067,0.413882249,5.279440529,3.796349528,23.61414516,18.27323828,4.258882826,4.492644139,3.974685617,4.354692908,5.169149744,4.80738463,3.166670256,1.970927424
12/31/2015,-0.760311913,-0.002860448,0.083712563,-1.132365863,-0.303312327,-0.512433149,-0.453572384,-0.478547084,-0.69651109,-1.499403856,0.191713538,-0.557996341,5.239300313,3.796240936,23.63391317,18.06631837,4.245965109,4.469622341,3.956657541,4.333853652,5.133146043,4.73530252,3.172741192,1.959929721
1/31/2016,-0.542268549,0.540253456,0.213419758,-2.680841154,-1.532786608,-1.311307215,-3.805406059,-3.29772842,-1.849780353,1.439902738,-0.758260426,-2.518150803,5.210889236,3.816750259,23.68435261,17.58198907,4.180883524,4.411011861,3.806090655,4.190934929,5.038194116,4.80348627,3.148683551,1.910575735
2/29/2016,1.583507996,0.909250637,0.531199401,-0.188109955,-0.224716742,0.105274642,-0.662076343,0.45156273,-0.97170227,1.84229352,-0.054610057,-0.995621914,5.293404083,3.851454085,23.81016374,17.5489156,4.171488379,4.415655538,3.780891429,4.209859629,4.989237869,4.891980587,3.146964053,1.891553625
3/31/2016,1.051070033,-0.886965762,0.395100953,2.12256888,2.534103934,2.04461316,2.38764915,3.24996534,2.52472305,-1.019131226,1.599178506,0.821799311,5.349041467,3.817293006,23.90423793,17.92140342,4.27719823,4.505938612,3.871165851,4.346678607,5.115202308,4.842124885,3.197289626,1.907098399
4/30/2016,3.757841903,0.349591365,0.401445416,0.504719777,1.703206741,0.937414517,0.843383328,1.470621877,2.095213649,0.010815353,0.450548182,0.421326862,5.550049989,3.830637932,24.0002004,18.01185629,4.350047759,4.548177935,3.903814619,4.410601814,5.222376725,4.842648578,3.211694956,1.915133517
5/31/2016,-0.458443268,0.072078881,0.044137928,0.408548956,0.852049539,0.163082764,0.661108867,1.007338918,2.161212415,-0.314264997,1.053470726,0.468384309,5.524606159,3.833399013,24.01079359,18.08544354,4.387112321,4.555595229,3.929623083,4.455031523,5.335243379,4.827429829,3.245529222,1.924103702
6/30/2016,2.351574785,-0.024396091,0.263236057,-0.189451653,0.023465766,0.237032058,-0.707346462,0.114330164,0.783466107,2.258396245,-0.320998399,-0.476731156,5.654521404,3.832463814,24.07399865,18.05118037,4.38814179,4.56639345,3.901827033,4.460124967,5.377043202,4.936452323,3.235111125,1.9149309
7/31/2016,0.789701669,-0.217821341,0.413898194,1.932354761,1.735053064,1.568443516,2.383403249,2.080724461,1.349045926,0.579284414,0.842668936,1.403914461,5.699175254,3.82411589,24.1736405,18.39999321,4.464278379,4.638014752,3.994823306,4.552927879,5.449581985,4.965048421,3.262372402,1.941814892
8/31/2016,-1.306758461,-0.244307687,0.864575973,0.387779085,1.096210323,0.269030057,0.866240943,1.479115538,1.567397294,-1.570661733,0.517650752,0.309988614,5.624700799,3.814773281,24.38263999,18.47134454,4.513216259,4.650492406,4.029428101,4.620270942,5.534998585,4.887064306,3.279260097,1.947834297
9/30/2016,0.657666772,-0.545817442,1.034433726,0.236600508,0.617407188,0.5505121,0.954395509,1.033069246,1.187757307,-0.197770893,0.382668074,0.280121017,5.661692587,3.793951583,24.63486224,18.51504783,4.541081181,4.676093929,4.067884781,4.668001541,5.600740935,4.877399115,3.291808779,1.95329059
10/31/2016,-0.645597599,0.387180554,0.42201801,-0.202340662,-0.445074261,0.411606589,-0.386000941,-0.595279349,1.622141985,-1.462226222,0.134456005,-0.346862109,5.625140836,3.808641025,24.73882579,18.47758436,4.520869997,4.69534104,4.052182708,4.640213891,5.691592906,4.806080506,3.296234813,1.946515365
11/30/2016,-0.270947838,0.247927556,0.313539104,-0.687618438,0.856280563,-0.287145865,0.621690936,1.48005125,1.140925499,0.020773335,0.490356968,-0.018994657,5.609899638,3.818083696,24.81639169,18.35052909,4.559581329,4.681858562,4.077374761,4.708891435,5.75652974,4.80707889,3.31239813,1.946145631
12/31/2016,-0.111521325,0.45522174,0.182123498,0.983901644,0.438386063,0.794469896,0.82807341,1.87855381,1.757720639,0.545609445,0.371999397,0.805043651,5.603643404,3.835464443,24.86158817,18.53108024,4.579569898,4.719054519,4.111138417,4.797350494,5.857713452,4.833306766,3.324720231,1.961812953
1/31/2017,1.03964818,-0.318245365,0.358911934,0.97884178,1.433493717,0.985615675,1.586905281,1.943280553,1.78920226,-0.459889542,0.530852982,0.777739948,5.661901581,3.823258255,24.95081937,18.7124702,4.645217744,4.76556626,4.176378289,4.890576474,5.962519793,4.811078894,3.342369608,1.977070756
2/28/2017,0.157490072,0.115628032,0.324996437,1.148227612,0.403477208,1.872932015,1.157979205,1.036381463,1.076789423,0.79415709,0.560454799,0.818467497,5.670818513,3.827679013,25.03190865,18.92733195,4.663960139,4.854822076,4.224739882,4.941261502,6.026723576,4.849286418,3.361102079,1.993252438
3/31/2017,-1.010206941,1.037627874,0.20627269,0.777448605,0.44574523,0.697514112,1.009420317,0.242809272,0.557730249,-0.414238242,0.499553264,0.440783682,5.613531511,3.867396078,25.08354264,19.07448223,4.684749519,4.888685145,4.267385264,4.953259343,6.060336436,4.829198819,3.377892574,2.002038369
4/30/2017,-1.195046131,0.274107473,0.154247686,0.706788264,-0.035792764,0.704337976,0.751045501,1.001588335,0.135109529,0.182536951,0.608015927,0.463973742,5.54644722,3.877996899,25.12223342,19.20929843,4.683072718,4.923118011,4.299435269,5.002870611,6.068524528,4.838013891,3.398430699,2.011327302
5/31/2017,-0.765901769,0.277417748,0.192699057,0.648012967,0.451570127,0.326108372,0.332806639,0.640677886,-0.070080753,0.188125806,0.350318581,0.344434524,5.503966883,3.888755151,25.17064373,19.33377717,4.704220075,4.939172711,4.313744075,5.034922896,6.06427166,4.847115444,3.410336033,2.018255007
6/30/2017,0.285197858,-0.280843234,0.402622044,-0.204332099,0.527716,0.128491461,0.643830362,0.496588886,0.116752931,-1.111398929,0.48152437,-0.130952396,5.519664078,3.877833845,25.27198629,19.29427206,4.729044997,4.945519127,4.341517269,5.059925764,6.071351875,4.793244655,3.426757632,2.015612054
7/31/2017,1.014434265,-0.303643589,0.562043714,0.989734112,0.730517089,1.024562184,1.361055225,0.623613345,0.87822987,0.932201606,0.864055026,0.95150432,5.575657442,3.866059052,25.4140259,19.48523405,4.763591479,4.996189045,4.400607717,5.091480136,6.124672301,4.837927358,3.456366704,2.03479069
8/31/2017,0.956286362,0.218697163,-0.313452495,0.442340759,0.160096485,0.578017071,0.711641657,0.438456129,-0.278276021,0.825963513,-0.083609238,0.703009543,5.628976694,3.874514013,25.334365,19.57142519,4.771217822,5.025067871,4.431924275,5.113804043,6.107628807,4.877886873,3.453476862,2.049095462
9/30/2017,-1.220877825,-0.8135097,-8.609486505,0.599246261,0.926391343,0.54232628,1.464926105,1.018055464,0.584367408,-1.117969182,0.677954955,0.378419145,5.560253766,3.842994466,23.15320627,19.68870622,4.81541797,5.052320135,4.49684869,5.165865404,6.143319799,4.823353601,3.476889879,2.056849632
10/31/2017,0.203134111,0.97999821,0.403756252,1.203522702,0.599191709,1.082092255,1.246919003,0.39406926,0.140083287,2.206467693,0.661493366,1.283750168,5.571548538,3.880655743,23.24668878,19.92566427,4.844271556,5.106990899,4.552920751,5.186222492,6.151925563,4.92977934,3.499889275,2.083254443
11/30/2017,-0.303849791,-0.699834445,0.68455072,-0.043505264,0.552720854,0.029726474,0.723592357,0.220630171,0.376799876,-0.165878232,-0.126570187,0.004475832,5.554619399,3.853497577,23.40582416,19.91699556,4.871046855,5.108509028,4.585865338,5.197664863,6.175106011,4.921601909,3.495459459,2.083347686
12/31/2017,1.860441322,-0.656806694,0.274114636,0.609632044,0.698290084,0.846244889,1.205138189,1.659998569,1.211452705,0.688688759,0.635856854,0.939142414,5.657959834,3.828187547,23.46998295,20.03841594,4.905060892,5.151739524,4.641131352,5.283946026,6.2499145,4.955496428,3.517685577,2.102913287
1/31/2018,1.66606974,-0.034398068,0.536881722,1.817972904,0.184631931,1.631364622,2.537545411,1.441545964,1.88474926,2.864175729,0.502083835,2.071928023,5.75222539,3.826870724,23.595989,20.40270891,4.914117201,5.23578318,4.758902168,5.360116536,6.367709717,5.097430554,3.535347308,2.146484137
2/28/2018,-1.964979892,0.767389662,0.079625564,-1.625583783,1.343213364,-0.997004091,-1.496008086,-0.068095851,0.389610392,-4.075790695,-1.333658898,-1.428860569,5.639195318,3.856237735,23.61477744,20.07104579,4.980124279,5.183582208,4.687708607,5.356466519,6.392518976,4.889669954,3.488197834,2.115813872
3/31/2018,-0.176857923,-1.192589195,-0.244754302,-0.83197299,-0.18338105,-0.476519913,-0.913916044,-1.214547214,0.545882299,-0.408805477,-0.802666614,-0.653258926,5.629221954,3.81024866,23.55697925,19.90406011,4.970991675,5.158881406,4.644866886,5.291409705,6.427414605,4.869680716,3.460199235,2.101992129
4/30/2018,1.679313302,-0.365023367,-0.283201896,0.404713271,0.526492057,0.228036741,0.424971225,0.525103255,1.256007994,0.266053924,0.329145823,0.522617895,5.723754227,3.796340362,23.49026544,19.98461448,4.997163552,5.170645551,4.664606233,5.319195069,6.508143447,4.882636692,3.471588336,2.112977516
5/31/2018,0.344113597,0.75622105,0.190730339,-0.315266558,0.708689009,-0.308847843,0.973200694,1.065174288,1.089547882,-0.297906036,0.448001386,0.454696726,5.743450444,3.825049087,23.5350685,19.92160967,5.0325779,5.154676124,4.710002214,5.375853767,6.579052786,4.868091023,3.4871411,2.122585155
6/30/2018,-1.836233169,0.772355377,0.272178095,-0.940297286,-0.276721296,-0.633066312,-0.824821912,0.133427655,0.521685941,-0.105089025,0.38275658,-0.434804836,5.637987302,3.85459206,23.59912581,19.73428732,5.018651686,5.122043606,4.671153083,5.383026643,6.613374779,4.862975193,3.500488362,2.113356052
7/31/2018,-1.597650766,-0.244873552,0.610022108,0.466860516,0.617072917,0.515321884,0.359565995,0.258183268,0.560236891,-0.209420548,0.379213614,0.138558552,5.547911954,3.845153183,23.74308569,19.82641891,5.049620426,5.148438618,4.687948961,5.396924717,6.650425344,4.852791124,3.51376269,2.116284288
8/31/2018,-1.651897062,-0.805714512,0.452638444,-0.861095486,0.091995147,-0.337811838,-0.169107505,-0.56453984,0.329296904,0.965181943,0.313165155,0.054908204,5.45626616,3.814172226,23.85055602,19.65569452,5.054265832,5.131046583,4.680021288,5.366456927,6.672324989,4.899629388,3.52476657,2.117446302
9/30/2018,0.468514955,0.10970645,-0.076557352,-0.242131078,0.120178067,0.202034444,-0.49298294,0.297665416,0.896274823,-0.433977935,0.150214992,-0.24901013,5.481829583,3.818356619,23.83229667,19.60810197,5.060339951,5.141413064,4.656949581,5.382431013,6.732127358,4.878366077,3.530061298,2.112173646
10/31/2018,-1.284006465,0.662094792,-0.806628171,-3.258502082,-1.475734725,-1.793175981,-3.571436282,-2.296044983,-0.641741277,-2.417214912,-1.523486446,-2.814355362,5.411442537,3.843637759,23.64005865,18.96917156,4.985662757,5.04921848,4.490629594,5.258847976,6.688924518,4.760445485,3.476281293,2.052729573
11/30/2018,-1.580887669,-0.911069428,-3.681718317,-0.114021948,0.511666032,-0.409378778,-0.412577022,0.24074423,-1.588124345,-0.132735827,1.978003492,-0.708862465,5.325893709,3.808619551,22.76969828,18.94754254,5.0111727,5.028548051,4.472102288,5.271508349,6.582696079,4.754126668,3.545042258,2.038178544
12/31/2018,-0.060111144,0.258479929,-0.966340481,-1.833239121,-2.572960343,-1.31634967,-2.732288981,-2.955482573,-2.468525469,0.143788072,-1.613154173,-1.398673846,5.322692253,3.818464068,22.54966547,18.60018878,4.882237213,4.962354775,4.34991153,5.115709838,6.42020055,4.760962535,3.487855261,2.009671074
1/31/2019,1.450268869,0.22458788,0.517893215,2.657587052,2.580761899,2.315758034,3.648286201,3.742962643,1.931259566,-0.20053374,0.691681044,2.159880974,5.399885602,3.827039875,22.66644866,19.09450499,5.008236131,5.077270905,4.508608752,5.307188947,6.544191287,4.751415199,3.511980095,2.053077577
2/28/2019,1.230646307,-1.35145578,-0.007447906,0.933555382,0.798770295,0.707732147,1.472372795,1.159810976,0.323937058,0.280570868,0.805058472,1.064758835,5.466339095,3.775319124,22.66476048,19.27276277,5.048240434,5.113204383,4.574992281,5.368742307,6.565390348,4.764746286,3.540253588,2.074937902
3/31/2019,-0.562589777,-0.273218034,-0.08436826,0.772831769,-0.090863159,0.494021604,0.482153626,0.214530956,-0.09515405,1.720643497,0.350324094,0.936731991,5.43558603,3.765004271,22.64563862,19.4217088,5.043653443,5.138464717,4.597050772,5.380259921,6.559143113,4.846730583,3.552655949,2.094374509
4/30/2019,-0.061728852,0.381331694,-0.68617648,1.012508153,1.233829175,0.680977321,1.255006878,1.429855934,0.890924845,0.824242307,0.558604205,1.001377464,5.432230705,3.779361425,22.49024957,19.61835519,5.105883511,5.173456497,4.654744076,5.457189887,6.617580149,4.886679387,3.572501235,2.115347103
5/31/2019,-0.894411913,2.076997744,-0.661516732,-1.755647455,-1.232960543,-0.772269043,-2.205451292,-1.744275477,-0.997051347,-0.710659141,-0.194856723,-0.789547279,5.383644186,3.857858677,22.34147281,19.27392603,5.042929982,5.133503494,4.552085962,5.362001462,6.551599477,4.851951753,3.565539976,2.098645438
6/30/2019,,,,,,,7.340125679,,,,,,,,,,,,,,,,,
